"student_id";"first_name";"last_name";"student_mobile_number";"email";"dob";"address";"parent_mobile_number";"country"
1;"Miguela";"Lawless";5804896370;"mlawless0@4shared.com";"2023-07-29";"6th Floor";8679196118;"Russia"
2;"Aluin";"Branchett";2208482773;"abranchett1@adobe.com";"2023-10-12";"Room 1808";7669878678;"Peru"
3;"Ernst";"Boughey";2814346392;"eboughey2@weather.com";"2023-08-05";"Suite 49";3257147646;"Bangladesh"
4;"Ashely";"Girard";1937440929;"agirard3@sun.com";"2023-06-09";"PO Box 7240";8305464311;"Indonesia"
5;"Trstram";"Tunkin";1506923565;"ttunkin4@mozilla.com";"2023-04-30";"11th Floor";5498779062;"China"
6;"Clarette";"Ketchaside";6016148041;"cketchaside5@ovh.net";"2023-07-15";"PO Box 15473";5833672865;"Haiti"
7;"Fulvia";"Rheubottom";2496187393;"frheubottom6@ow.ly";"2023-12-14";"Room 757";8814862198;"Russia"
8;"Hirsch";"Duffill";7672590268;"hduffill7@economist.com";"2023-11-14";"PO Box 35053";8598331024;"China"
9;"Hettie";"Smallpiece";7158921532;"hsmallpiece8@uiuc.edu";"2023-07-15";"Apt 992";6575026861;"Russia"
10;"Kissiah";"Rhyme";7954135699;"krhyme9@ftc.gov";"2023-05-22";"5th Floor";3237036176;"Colombia"
11;"Rossie";"Fashion";1827806556;"rfashiona@youtu.be";"2024-01-18";"PO Box 81943";8419130177;"Indonesia"
12;"Erina";"Roskam";5138379575;"eroskamb@cisco.com";"2023-08-29";"Apt 1142";6481283273;"Indonesia"
13;"Maddy";"Chateau";1904655476;"mchateauc@yolasite.com";"2024-02-23";"1st Floor";1167556261;"North Korea"
14;"Teirtza";"Ashforth";5246817393;"tashforthd@yahoo.com";"2024-02-21";"PO Box 45457";6464447058;"Fiji"
15;"Frank";"Challiss";5066868550;"fchallisse@mlb.com";"2024-01-24";"PO Box 30614";7966717053;"France"
16;"Gaylene";"Gilbertson";8582140161;"ggilbertsonf@topsy.com";"2023-09-05";"Suite 89";9601075602;"Russia"
17;"Sallie";"Halwill";4924382238;"shalwillg@t.co";"2023-07-10";"Room 951";3189218763;"China"
18;"Phillida";"Boal";6485262675;"pboalh@mashable.com";"2024-02-11";"PO Box 28660";3557646453;"China"
19;"Perla";"Fanthom";2195926715;"pfanthomi@gnu.org";"2023-03-21";"PO Box 4835";7339455986;"Croatia"
20;"Carmelle";"Waldren";2827087333;"cwaldrenj@netlog.com";"2023-06-02";"16th Floor";4807864945;"China"
21;"Gladys";"Larway";2988220102;"glarwayk@sourceforge.net";"2023-11-03";"16th Floor";1743418290;"Russia"
22;"Caterina";"Loving";8252143679;"clovingl@zdnet.com";"2023-06-03";"1st Floor";7329785406;"Russia"
23;"Alisa";"Snelle";9987187080;"asnellem@phpbb.com";"2023-08-17";"6th Floor";6094639688;"Kazakhstan"
24;"Renie";"Trumpeter";2781269775;"rtrumpetern@eepurl.com";"2024-02-07";"Room 1831";8412629669;"Russia"
25;"Jennica";"Borres";9709098006;"jborreso@jalbum.net";"2024-01-18";"19th Floor";5834816207;"Ukraine"
26;"Dolli";"Greatbach";3415713815;"dgreatbachp@bluehost.com";"2023-07-22";"Suite 71";8989369029;"Indonesia"
27;"Rosemonde";"Wardhough";7397242332;"rwardhoughq@unesco.org";"2023-12-31";"9th Floor";5389014118;"El Salvador"
28;"Marianna";"Gadd";6887318274;"mgaddr@opera.com";"2023-08-30";"Room 505";4687538714;"Mexico"
29;"Ulric";"Bentall";4573186738;"ubentalls@walmart.com";"2023-04-28";"Room 1430";3333754705;"China"
30;"Marion";"Mozzetti";3634763805;"mmozzettit@arizona.edu";"2024-01-10";"Suite 98";4142940965;"Philippines"
31;"Marje";"Botwood";2795334781;"mbotwoodu@jigsy.com";"2023-12-15";"Suite 27";6378571931;"Japan"
32;"Nestor";"Ebanks";5122626356;"nebanksv@upenn.edu";"2024-02-22";"4th Floor";8596160409;"United States"
33;"Melita";"Tatum";9114801891;"mtatumw@skype.com";"2023-07-05";"Suite 37";7116145680;"China"
34;"Tristam";"Rivard";4924025743;"trivardx@europa.eu";"2024-02-04";"PO Box 74689";4655627353;"Indonesia"
35;"Sherman";"Creebo";9969833448;"screeboy@dagondesign.com";"2023-05-02";"Apt 597";7132897372;"Indonesia"
36;"Filide";"Orman";5822410454;"formanz@blogtalkradio.com";"2023-06-28";"15th Floor";9734468278;"Sudan"
37;"Reginald";"MacNish";9768753208;"rmacnish10@histats.com";"2024-02-25";"Room 1069";6385984718;"China"
38;"Gray";"Hollingsbee";7035997969;"ghollingsbee11@amazon.co.jp";"2023-12-20";"Apt 1746";6437805919;"Turkmenistan"
39;"Mark";"McCome";7476233968;"mmccome12@soup.io";"2023-08-19";"Suite 63";6369086751;"Greece"
40;"Novelia";"Langcastle";8683548002;"nlangcastle13@xing.com";"2023-10-15";"Room 1758";7647189113;"Indonesia"
41;"Lydie";"Titchen";3615391116;"ltitchen14@amazon.co.jp";"2023-12-28";"Room 1042";1388574481;"Brazil"
42;"Ralina";"Clurow";5364555266;"rclurow15@digg.com";"2023-04-18";"Room 110";2756249822;"Indonesia"
43;"Erik";"Visick";7633648239;"evisick16@imdb.com";"2023-09-11";"Apt 656";9583692234;"Indonesia"
44;"Rae";"McRavey";6357880572;"rmcravey17@liveinternet.ru";"2023-11-30";"PO Box 21608";6228145509;"Indonesia"
45;"Zorina";"Britzius";8145645603;"zbritzius18@google.com.br";"2023-03-15";"Suite 38";8595182135;"Portugal"
46;"Alphard";"Christene";7896062899;"achristene19@ihg.com";"2023-04-27";"Apt 1858";8148628364;"Estonia"
47;"Gabby";"Middle";5409154717;"gmiddle1a@jalbum.net";"2023-03-11";"PO Box 77427";4752803231;"United States"
48;"Berny";"Clamp";8599297535;"bclamp1b@google.nl";"2024-02-13";"Suite 49";1382649875;"Brazil"
49;"Lizzie";"Harroway";3584420174;"lharroway1c@cpanel.net";"2024-02-20";"PO Box 75245";8014594360;"China"
50;"Shellie";"McCarrick";2063401500;"smccarrick1d@unblog.fr";"2023-06-08";"8th Floor";9356502444;"China"
51;"Fax";"Mant";4134118341;"fmant1e@vinaora.com";"2023-06-11";"13th Floor";9245515034;"Russia"
52;"Svend";"Tidd";5168975087;"stidd1f@nature.com";"2023-06-03";"1st Floor";9641064269;"China"
53;"Hugh";"Jenoure";6323315376;"hjenoure1g@howstuffworks.com";"2023-10-05";"7th Floor";5093621094;"Indonesia"
54;"Anthony";"Manneville";2912309182;"amanneville1h@businessweek.com";"2023-06-03";"PO Box 37336";4515798531;"China"
55;"Frank";"Kaufman";7282480119;"fkaufman1i@stumbleupon.com";"2023-09-10";"7th Floor";2839905302;"France"
56;"Herby";"Tumilson";6765137331;"htumilson1j@alexa.com";"2023-09-05";"Apt 1677";2683250079;"China"
57;"Joye";"Pleaden";7945893859;"jpleaden1k@tuttocitta.it";"2023-11-21";"Room 1835";7173602117;"China"
58;"Barbra";"Weekly";7341026640;"bweekly1l@blinklist.com";"2023-02-27";"PO Box 4343";9442803947;"Argentina"
59;"Mellisa";"Hukin";4907932350;"mhukin1m@ebay.com";"2023-07-05";"Suite 82";3759783176;"Norway"
60;"Katerine";"Neild";9996007597;"kneild1n@prweb.com";"2023-05-07";"PO Box 56851";3201543867;"China"
61;"Kerrin";"Stollenbecker";4236933876;"kstollenbecker1o@example.com";"2024-02-16";"Apt 1449";9522571150;"Yemen"
62;"Peterus";"McWilliam";9213239269;"pmcwilliam1p@businessinsider.com";"2023-10-30";"Apt 687";4209978465;"China"
63;"Becky";"Winterborne";1197650659;"bwinterborne1q@tmall.com";"2024-01-09";"5th Floor";2394519043;"Belarus"
64;"Constanta";"Tockell";3432137665;"ctockell1r@clickbank.net";"2024-02-17";"PO Box 43370";9366632234;"China"
65;"Dinny";"Allgood";7528371579;"dallgood1s@ning.com";"2023-12-19";"11th Floor";8816231778;"China"
66;"Rozina";"Rasher";8187183565;"rrasher1t@timesonline.co.uk";"2023-08-27";"PO Box 40043";4558225667;"United States"
67;"Darcey";"McQuaid";8836262407;"dmcquaid1u@jiathis.com";"2024-02-02";"PO Box 87941";7071474722;"Argentina"
68;"Jobina";"Shorey";5948908241;"jshorey1v@nature.com";"2023-12-13";"Room 1925";9838625074;"Canada"
69;"Tadd";"Scroyton";8628638247;"tscroyton1w@virginia.edu";"2023-03-19";"9th Floor";1611424939;"Poland"
70;"Tamar";"Hullock";5279985523;"thullock1x@wired.com";"2023-06-26";"Suite 42";9955237514;"Peru"
71;"Colette";"Rief";6883137721;"crief1y@microsoft.com";"2023-06-21";"Room 563";1611179037;"Portugal"
72;"Dela";"Drane";1065926523;"ddrane1z@1und1.de";"2023-05-07";"Apt 607";5038218785;"Canada"
73;"Ingaberg";"Fesby";8153858551;"ifesby20@bravesites.com";"2023-11-16";"13th Floor";2234997716;"China"
74;"Nanni";"Neilands";9339345030;"nneilands21@multiply.com";"2023-12-28";"Suite 80";2049898495;"China"
75;"Ado";"Radwell";9222318024;"aradwell22@chronoengine.com";"2023-12-08";"Room 1381";3303452463;"Rwanda"
76;"Ebeneser";"Litel";5292127149;"elitel23@delicious.com";"2024-02-01";"Apt 422";5956733106;"China"
77;"Raff";"Stiddard";8139313277;"rstiddard24@wunderground.com";"2024-01-14";"PO Box 81094";4881680941;"Canada"
78;"Arleta";"Cheshir";5939172516;"acheshir25@wisc.edu";"2023-10-12";"PO Box 20790";7804234210;"Philippines"
79;"Veronike";"Grece";3924470842;"vgrece26@seesaa.net";"2023-10-31";"Room 1938";9491476285;"Philippines"
80;"Leanor";"Oneile";3981535237;"loneile27@example.com";"2023-08-22";"PO Box 34861";4417393778;"China"
81;"Muhammad";"Ambroz";1938231529;"mambroz28@eepurl.com";"2023-03-26";"Apt 1049";8794541767;"China"
82;"Tomlin";"Crothers";6466763438;"tcrothers29@wiley.com";"2023-05-21";"Apt 1779";8549864257;"Vietnam"
83;"Euell";"Glasebrook";5259845405;"eglasebrook2a@mapquest.com";"2024-02-15";"PO Box 48839";6382053124;"Venezuela"
84;"Bonnie";"Cochrane";1046419975;"bcochrane2b@unesco.org";"2023-03-25";"Suite 92";6147569271;"Brazil"
85;"Elsbeth";"Greeding";7594859453;"egreeding2c@ehow.com";"2024-02-01";"7th Floor";1828526867;"Greece"
86;"Brodie";"Butts";4923145783;"bbutts2d@squidoo.com";"2023-12-10";"Suite 57";8964731007;"Indonesia"
87;"Opal";"Burdin";7751236172;"oburdin2e@geocities.jp";"2023-11-03";"15th Floor";7408468812;"Indonesia"
88;"Peta";"Featherstonhaugh";2287213396;"pfeatherstonhaugh2f@indiegogo.com";"2023-05-01";"Room 695";7136559900;"Morocco"
89;"Maurene";"Sibbson";1315083014;"msibbson2g@webs.com";"2023-06-10";"Suite 11";9494992878;"Ecuador"
90;"Alexei";"Newens";6038625711;"anewens2h@tinypic.com";"2023-09-29";"Room 1831";6074544777;"Argentina"
91;"Ker";"Critcher";5424411412;"kcritcher2i@qq.com";"2023-03-10";"Room 376";3685051271;"China"
92;"Hedi";"Heaphy";7867755697;"hheaphy2j@gov.uk";"2023-05-26";"Room 825";6333437611;"Indonesia"
93;"Zuzana";"Ciccotto";7825344668;"zciccotto2k@github.io";"2023-06-24";"Room 1956";1934421792;"Indonesia"
94;"Tabbi";"Drayn";3214102810;"tdrayn2l@list-manage.com";"2023-09-15";"Suite 27";3281430029;"United States"
95;"Emmalyn";"Abelov";5204550693;"eabelov2m@oakley.com";"2023-05-14";"PO Box 23899";1097154001;"Bulgaria"
96;"Constantine";"Bausor";6386541408;"cbausor2n@themeforest.net";"2023-04-23";"PO Box 29862";5092274211;"China"
97;"Kingsley";"Witherden";7728479507;"kwitherden2o@chronoengine.com";"2023-04-13";"Apt 659";1058007452;"Poland"
98;"Lonee";"Lynds";2745412835;"llynds2p@twitter.com";"2024-02-24";"PO Box 37222";5641706519;"Indonesia"
99;"Angelia";"Frascone";6024483800;"afrascone2q@ocn.ne.jp";"2023-06-23";"Room 1158";4392848040;"France"
100;"Glenn";"Sebley";9323559468;"gsebley2r@ox.ac.uk";"2023-07-31";"PO Box 18418";1669735781;"Brazil"
101;"Thorn";"Tames";1707934134;"ttames2s@mashable.com";"2023-06-29";"Apt 1139";4661162538;"Portugal"
102;"Bret";"Laity";3297480744;"blaity2t@bbb.org";"2023-11-15";"Room 634";8372739194;"Slovenia"
103;"Hilary";"Bentke";4049286945;"hbentke2u@topsy.com";"2023-09-29";"Apt 1947";1039887159;"Philippines"
104;"Lebbie";"McCrone";5346093734;"lmccrone2v@naver.com";"2024-02-22";"Suite 72";7198299833;"China"
105;"Elmer";"Shortan";8547466735;"eshortan2w@bloomberg.com";"2023-07-28";"Room 1160";5834466776;"Philippines"
106;"Odelia";"Macia";7442561544;"omacia2x@baidu.com";"2023-04-20";"Apt 1731";9349360923;"Lithuania"
107;"Stacie";"Scopes";8186187632;"sscopes2y@stanford.edu";"2023-12-13";"PO Box 91096";8943079285;"Philippines"
108;"Avigdor";"Segges";4454954983;"asegges2z@google.ru";"2023-09-02";"Suite 45";3771675964;"France"
109;"Oran";"Studart";8791066668;"ostudart30@oaic.gov.au";"2023-04-10";"Room 1196";8668697573;"Ukraine"
110;"Yoshi";"Jone";8805477766;"yjone31@sciencedirect.com";"2023-07-31";"Suite 61";1952087479;"Philippines"
111;"Nola";"Allflatt";9918740577;"nallflatt32@nbcnews.com";"2023-08-01";"Apt 1499";7049012536;"Portugal"
112;"Merna";"Macenzy";7042962258;"mmacenzy33@lulu.com";"2023-12-27";"Room 523";9161078043;"Indonesia"
113;"Massimo";"Frodsam";8652573325;"mfrodsam34@miitbeian.gov.cn";"2023-04-11";"Apt 1092";6904943812;"United States"
114;"Dicky";"Tomblin";1318116860;"dtomblin35@spiegel.de";"2024-01-23";"PO Box 60798";4124832058;"France"
115;"Gunner";"Peller";3318893682;"gpeller36@cnet.com";"2023-07-02";"2nd Floor";5117491125;"Yemen"
116;"Eudora";"Peckham";4648804273;"epeckham37@abc.net.au";"2023-06-13";"Suite 86";6607434488;"Mali"
117;"Cacilie";"Shadbolt";4549930669;"cshadbolt38@unesco.org";"2023-06-28";"PO Box 13095";1605017651;"China"
118;"Jackson";"Tommasuzzi";2692765805;"jtommasuzzi39@nbcnews.com";"2023-06-06";"Apt 1816";7789050043;"Poland"
119;"Germain";"Spores";3678210104;"gspores3a@jiathis.com";"2024-02-16";"PO Box 33516";9765004997;"Netherlands"
120;"Alfie";"Backhouse";8247689881;"abackhouse3b@businessinsider.com";"2023-07-04";"Suite 18";5926833647;"Japan"
121;"Rosemonde";"Brigman";8138697386;"rbrigman3c@aol.com";"2023-07-26";"Room 227";5902752144;"Nigeria"
122;"Hermina";"Snare";5523055836;"hsnare3d@intel.com";"2023-04-05";"Suite 66";7824888382;"China"
123;"Kessia";"Malafe";7388151558;"kmalafe3e@wp.com";"2023-11-20";"Suite 92";5513582883;"Indonesia"
124;"Lydie";"Corssen";9592972994;"lcorssen3f@sciencedirect.com";"2023-08-25";"Apt 1366";6081373699;"Argentina"
125;"Pattin";"Leftley";6456360120;"pleftley3g@google.com.hk";"2023-09-21";"PO Box 91806";1152988089;"Philippines"
126;"Elbert";"Baggalley";4426611753;"ebaggalley3h@over-blog.com";"2023-06-05";"Room 893";4507795336;"Russia"
127;"Edin";"Bonney";8972357960;"ebonney3i@vk.com";"2023-07-03";"PO Box 85022";1472120289;"Portugal"
128;"Katy";"Tipperton";3562308130;"ktipperton3j@phpbb.com";"2023-10-15";"Apt 194";6666889863;"Poland"
129;"Sonny";"Skep";1799311352;"sskep3k@nyu.edu";"2023-12-04";"Suite 6";7854251346;"Philippines"
130;"Willie";"Philipet";1309163711;"wphilipet3l@wunderground.com";"2023-07-26";"5th Floor";1075301894;"China"
131;"Ignatius";"Elintune";7968812912;"ielintune3m@topsy.com";"2023-04-10";"Suite 29";2456870700;"Philippines"
132;"Leia";"Coughan";5622575583;"lcoughan3n@flickr.com";"2023-07-07";"PO Box 62073";6014551988;"Canada"
133;"Andrej";"Dei";8769046316;"adei3o@yahoo.co.jp";"2024-01-12";"Room 1357";8507626688;"Philippines"
134;"Marc";"Davidwitz";3844795707;"mdavidwitz3p@chicagotribune.com";"2023-10-21";"Suite 49";9051347676;"Malta"
135;"Marcellina";"Gilliatt";3657845904;"mgilliatt3q@hc360.com";"2024-02-21";"9th Floor";2085271721;"Morocco"
136;"Jamima";"McBeth";8762574392;"jmcbeth3r@mozilla.com";"2023-12-19";"Room 1758";3856181501;"Honduras"
137;"Natalya";"Neilands";5082565720;"nneilands3s@chronoengine.com";"2024-02-03";"PO Box 66530";9711456409;"Greece"
138;"Tiebout";"Houldin";1291420671;"thouldin3t@hugedomains.com";"2023-04-21";"Apt 1384";7439232130;"Indonesia"
139;"Annabella";"Marthen";5276749946;"amarthen3u@ycombinator.com";"2023-09-27";"PO Box 35034";5373832626;"China"
140;"Gloria";"Thulborn";2673702913;"gthulborn3v@google.fr";"2023-12-22";"9th Floor";6424499107;"China"
141;"Cam";"O'Teague";4393725092;"coteague3w@multiply.com";"2024-01-01";"PO Box 91723";9228460535;"Indonesia"
142;"Sarajane";"Garnsey";4456000291;"sgarnsey3x@deliciousdays.com";"2023-05-27";"PO Box 89902";6384524084;"China"
143;"Shay";"Gaitskill";7304172435;"sgaitskill3y@google.it";"2023-10-14";"10th Floor";8086148857;"China"
144;"Kay";"Ranahan";4659344082;"kranahan3z@yahoo.com";"2023-09-26";"Suite 77";3816623566;"Poland"
145;"Charissa";"Preto";7544911220;"cpreto40@jiathis.com";"2023-08-09";"Apt 148";7226592627;"Indonesia"
146;"Drew";"Mustill";1462572696;"dmustill41@nature.com";"2024-01-19";"Apt 319";2063889454;"Indonesia"
147;"Addie";"Pesterfield";5686824724;"apesterfield42@cargocollective.com";"2023-11-02";"Apt 1272";4021234077;"Japan"
148;"Queenie";"Seabrook";4336173893;"qseabrook43@wisc.edu";"2023-10-22";"Apt 7";3401061614;"Brazil"
149;"Joyous";"MacFall";8838848867;"jmacfall44@photobucket.com";"2023-11-20";"PO Box 71167";1542737583;"China"
150;"Spenser";"Ocheltree";8539851202;"socheltree45@reference.com";"2023-09-05";"2nd Floor";4663826347;"Greece"
151;"Vania";"Filipputti";1144464781;"vfilipputti46@samsung.com";"2023-08-20";"Suite 23";7986448195;"China"
152;"Charlena";"Milroy";8801044984;"cmilroy47@sourceforge.net";"2023-04-11";"PO Box 16825";8619752002;"France"
153;"Lucinda";"Kira";3865291943;"lkira48@biblegateway.com";"2024-01-09";"Suite 55";4245527104;"Croatia"
154;"Lezley";"Lumby";5894295419;"llumby49@infoseek.co.jp";"2023-07-05";"9th Floor";7201089664;"Tunisia"
155;"Marcos";"Selcraig";1046684777;"mselcraig4a@uol.com.br";"2023-05-16";"PO Box 5611";7777829822;"Sri Lanka"
156;"Darsey";"Hamberston";9214416989;"dhamberston4b@lycos.com";"2024-01-27";"Suite 16";3339182699;"France"
157;"Faye";"Greenough";4623316638;"fgreenough4c@dagondesign.com";"2023-12-09";"Room 1083";9251431573;"Greece"
158;"Claudio";"Yabsley";9973576230;"cyabsley4d@wired.com";"2023-04-11";"Suite 14";6403753929;"Egypt"
159;"Simonette";"Ruzicka";4408506306;"sruzicka4e@sogou.com";"2023-09-12";"Room 1499";6916628527;"Argentina"
160;"Rania";"Scollick";2809713805;"rscollick4f@technorati.com";"2023-12-15";"PO Box 85169";1473497257;"Mexico"
161;"Corbie";"Capron";4166742197;"ccapron4g@surveymonkey.com";"2023-09-08";"3rd Floor";6796892417;"Russia"
162;"Bella";"Billes";3453408341;"bbilles4h@4shared.com";"2023-07-22";"PO Box 54965";9663411224;"Indonesia"
163;"Aksel";"Lent";9598574091;"alent4i@merriam-webster.com";"2023-11-06";"10th Floor";6597539399;"Micronesia"
164;"Brooke";"Pisco";5209749596;"bpisco4j@dyndns.org";"2023-08-25";"Apt 404";9165645493;"Argentina"
165;"Antin";"Choat";7504821796;"achoat4k@so-net.ne.jp";"2023-11-29";"Apt 511";5265126646;"Thailand"
166;"Jean";"Gentsch";7702667263;"jgentsch4l@gnu.org";"2023-08-12";"Suite 51";8534353312;"Russia"
167;"Andriana";"McNeilley";6964298914;"amcneilley4m@friendfeed.com";"2024-01-14";"Suite 36";6106229621;"Bolivia"
168;"Ceil";"Hamlyn";9549407924;"chamlyn4n@vinaora.com";"2023-12-09";"Room 1084";4746647897;"United States"
169;"Warren";"Espinas";9788115121;"wespinas4o@typepad.com";"2023-05-20";"Suite 20";8174523986;"Canada"
170;"Belicia";"Stirling";8049457158;"bstirling4p@noaa.gov";"2023-11-14";"Room 241";3424934226;"Hungary"
171;"Guglielma";"Otson";1793367181;"gotson4q@si.edu";"2023-03-30";"Apt 333";8171851379;"Greece"
172;"Melly";"McKane";8697815657;"mmckane4r@newyorker.com";"2023-09-22";"Room 1335";8317661351;"Kenya"
173;"Dewie";"Crother";5106606224;"dcrother4s@ezinearticles.com";"2023-12-24";"PO Box 89269";8146613799;"Nigeria"
174;"Reid";"Spellard";2033611223;"rspellard4t@addthis.com";"2023-02-27";"6th Floor";4065341344;"China"
175;"Nada";"Saggs";4336072613;"nsaggs4u@epa.gov";"2023-06-24";"Suite 16";4771811704;"Israel"
176;"Brynne";"Summerbell";4075717128;"bsummerbell4v@nymag.com";"2023-03-26";"PO Box 84394";8374490055;"France"
177;"Tatiana";"Grafham";4791157947;"tgrafham4w@dropbox.com";"2023-04-08";"Suite 75";2716189885;"Japan"
178;"Douglas";"Bescoby";9728232209;"dbescoby4x@ted.com";"2023-12-24";"PO Box 22511";9091505890;"France"
179;"Rayshell";"Salvatore";1306792853;"rsalvatore4y@shop-pro.jp";"2023-05-08";"17th Floor";4479782883;"Portugal"
180;"Em";"Domange";6217251368;"edomange4z@google.de";"2023-04-21";"Suite 65";7052580599;"China"
181;"Tersina";"Kilsby";6504095510;"tkilsby50@tripadvisor.com";"2023-06-29";"Apt 649";2807161274;"Colombia"
182;"Layne";"Acott";7032232793;"lacott51@techcrunch.com";"2023-04-27";"Suite 84";2683170187;"China"
183;"Desdemona";"Bushnell";1425081474;"dbushnell52@nature.com";"2023-05-17";"8th Floor";9231637115;"Portugal"
184;"Glynn";"Revely";7145753277;"grevely53@si.edu";"2024-01-25";"10th Floor";5059516487;"Philippines"
185;"Nikaniki";"Bartomeu";9469254903;"nbartomeu54@homestead.com";"2024-01-14";"Room 1146";4673741284;"Tunisia"
186;"Viola";"Bradnam";8815474742;"vbradnam55@yolasite.com";"2023-12-14";"Room 929";2244738869;"Honduras"
187;"Marieann";"Tooze";8053472034;"mtooze56@topsy.com";"2024-01-09";"PO Box 97744";6926439856;"Indonesia"
188;"Alethea";"Mallion";1519057538;"amallion57@youtu.be";"2024-01-20";"Apt 944";6807843589;"Czech Republic"
189;"Margot";"Borgne";8007357910;"mborgne58@sitemeter.com";"2023-05-16";"Suite 94";5046121023;"France"
190;"Stacee";"Humberston";8956113440;"shumberston59@pinterest.com";"2023-10-18";"Suite 27";9784949354;"Czech Republic"
191;"Stacia";"McKeowon";7231585364;"smckeowon5a@meetup.com";"2023-05-03";"Suite 45";1484286908;"Indonesia"
192;"Frankie";"Corless";5593809433;"fcorless5b@sina.com.cn";"2023-10-17";"Room 1998";1261492471;"United States"
193;"Gwendolen";"Redgrove";9762283721;"gredgrove5c@yahoo.co.jp";"2023-06-30";"Suite 7";3109672829;"Brazil"
194;"Nonna";"Getcliff";6117090999;"ngetcliff5d@nba.com";"2023-03-08";"Suite 29";5988694624;"Indonesia"
195;"Patton";"Daughtry";5845560460;"pdaughtry5e@photobucket.com";"2023-07-05";"Suite 60";4441900984;"Russia"
196;"Gerladina";"Prinett";6883722212;"gprinett5f@engadget.com";"2023-10-27";"PO Box 73086";5412624209;"Thailand"
197;"Morty";"Hawkeridge";3338067142;"mhawkeridge5g@miibeian.gov.cn";"2023-03-14";"Suite 97";7977995443;"Macedonia"
198;"Kaye";"Egdale";3073555589;"kegdale5h@paginegialle.it";"2023-09-15";"12th Floor";5726824882;"Sweden"
199;"Weidar";"Troucher";9775817875;"wtroucher5i@creativecommons.org";"2023-08-31";"6th Floor";9048330548;"Indonesia"
200;"Wakefield";"Kunert";8788642220;"wkunert5j@ebay.co.uk";"2023-12-13";"Apt 981";5776827252;"Sweden"
